Семенова;Анна;Захаровна;12.10.1986;г.Нижний Новгород, ул.Луговая 5, 40;8(854)-447-10-27;teacher-email-1@gmail.com
Виноградова;Маргарита;Александровна;26.2.1951;г.Нижний Новгород, ул.Пионерская 42, 63;8(548)-880-17-71;teacher-email-2@gmail.com
Виноградова;Наталия;Максимовна;26.10.1971;г.Нижний Новгород, ул.Гагарина 141, 185;8(303)-670-63-38;teacher-email-3@gmail.com
Михайлов;Виктор;Вадимович;20.11.1977;г.Нижний Новгород, ул.Дачная 129, 130;8(862)-339-61-98;teacher-email-4@gmail.com
Лебедев;Андрей;Валерьевич;1.2.1962;г.Нижний Новгород, ул.Нагорная 17, 24;8(830)-478-26-44;teacher-email-5@gmail.com
Богданова;Юлия;Антоновна;21.3.1956;г.Нижний Новгород, ул.Восточная 118, 44;8(483)-775-52-72;teacher-email-6@gmail.com
Воробьева;Александра;Кузьминична;24.9.1966;г.Нижний Новгород, ул.Первомайская 128, 67;8(595)-988-27-36;teacher-email-7@gmail.com
Козлова;Наталия;Игоревна;24.8.1978;г.Нижний Новгород, ул.Гагарина 82, 28;8(253)-664-79-26;teacher-email-8@gmail.com
Попова;Виктория;Антоновна;26.4.1963;г.Нижний Новгород, ул.Зеленая 13, 58;8(317)-502-89-21;teacher-email-9@gmail.com
Семёнов;Евгений;Алексеевич;4.10.1982;г.Нижний Новгород, ул.Дачная 135, 9;8(356)-533-11-44;teacher-email-10@gmail.com
Иванов;Александр;Игоревич;8.10.1953;г.Нижний Новгород, ул.Советская 22, 157;8(300)-380-33-94;teacher-email-11@gmail.com
Леонов;Михаил;Игоревич;22.12.1982;г.Нижний Новгород, ул.Зеленая 177, 49;8(970)-634-88-25;teacher-email-12@gmail.com
Иванова;Алина;Дмитриевна;22.2.1967;г.Нижний Новгород, ул.Степная 113, 129;8(840)-552-70-83;teacher-email-13@gmail.com
Семенова;Ольга;Даниловна;4.10.1956;г.Нижний Новгород, ул.Зеленая 23, 4;8(677)-520-91-58;teacher-email-14@gmail.com
Фёдоров;Артем;Иванович;26.10.1966;г.Нижний Новгород, ул.Речная 153, 102;8(622)-303-54-85;teacher-email-15@gmail.com
Павлова;Кристина;Антоновна;9.8.1955;г.Нижний Новгород, ул.Береговая 8, 149;8(235)-472-67-24;teacher-email-16@gmail.com
Попова;Дарья;Богдановна;19.11.1963;г.Нижний Новгород, ул.Железнодорожная 103, 9;8(379)-247-22-47;teacher-email-17@gmail.com
Александров;Сергей;Анатольевич;9.7.1950;г.Нижний Новгород, ул.Советская 139, 129;8(366)-313-99-40;teacher-email-18@gmail.com
Яковлев;Артем;Вячеславович;14.10.1971;г.Нижний Новгород, ул.Калинина 11, 72;8(919)-301-61-77;teacher-email-19@gmail.com
Попов;Владислав;Владимирович;10.6.1988;г.Нижний Новгород, ул.Озерная 84, 4;8(720)-609-49-21;teacher-email-20@gmail.com
Леонов;Олег;Андреевич;10.11.1979;г.Нижний Новгород, ул.Пионерская 180, 161;8(187)-724-41-73;teacher-email-21@gmail.com
Иванова;Наталия;Ждановна;10.2.1956;г.Нижний Новгород, ул.Рабочая 47, 74;8(481)-219-57-24;teacher-email-22@gmail.com
Козлова;Анжелика;Богдановна;4.7.1964;г.Нижний Новгород, ул.Садовая 159, 96;8(173)-355-76-84;teacher-email-23@gmail.com
Воробьева;Анна;Александровна;6.6.1975;г.Нижний Новгород, ул.Пушкина 179, 10;8(886)-212-88-92;teacher-email-24@gmail.com
Виноградова;Татьяна;Григорьевна;2.9.1983;г.Нижний Новгород, ул.Октябрьская 53, 184;8(721)-910-97-66;teacher-email-25@gmail.com
Леонов;Андрей;Александрович;17.7.1955;г.Нижний Новгород, ул.Набережная 108, 144;8(656)-333-78-37;teacher-email-26@gmail.com
Новикова;Валерия;Ивановна;1.10.1953;г.Нижний Новгород, ул.Лесная 73, 49;8(962)-369-55-60;teacher-email-27@gmail.com
Семёнов;Михаил;Дмитриевич;13.11.1953;г.Нижний Новгород, ул.Колхозная 179, 195;8(523)-889-75-49;teacher-email-28@gmail.com
Воробьева;Анастасия;Богдановна;19.10.1953;г.Нижний Новгород, ул.Пушкина 183, 169;8(987)-279-89-54;teacher-email-29@gmail.com
Иванова;Виолетта;Антоновна;13.3.1961;г.Нижний Новгород, ул.Новая 114, 1;8(269)-891-10-11;teacher-email-30@gmail.com
Новикова;Ольга;Артемовна;17.1.1977;г.Нижний Новгород, ул.Юбилейная 119, 86;8(773)-531-31-49;teacher-email-31@gmail.com
Кузнецова;Екатерина;Кузьминична;9.9.1951;г.Нижний Новгород, ул.Солнечная 32, 99;8(505)-722-83-36;teacher-email-32@gmail.com
Алексеев;Виктор;Валентинович;15.9.1971;г.Нижний Новгород, ул.Береговая 153, 111;8(872)-472-58-88;teacher-email-33@gmail.com
Леонов;Дмитрий;Борисович;2.12.1965;г.Нижний Новгород, ул.Железнодорожная 174, 58;8(366)-997-28-54;teacher-email-34@gmail.com
Новикова;Екатерина;Ждановна;10.10.1981;г.Нижний Новгород, ул.Лесная 168, 165;8(775)-241-14-35;teacher-email-35@gmail.com
Семёнов;Сергей;Дмитриевич;10.12.1961;г.Нижний Новгород, ул.Юбилейная 28, 200;8(829)-810-29-26;teacher-email-36@gmail.com
Прохоров;Владимир;Андреевич;20.7.1954;г.Нижний Новгород, ул.Речная 15, 193;8(221)-415-25-41;teacher-email-37@gmail.com
Новикова;Татьяна;Антоновна;6.3.1956;г.Нижний Новгород, ул.Юбилейная 185, 19;8(131)-311-15-81;teacher-email-38@gmail.com
Петров;Юрий;Денисович;26.6.1973;г.Нижний Новгород, ул.Солнечная 139, 122;8(489)-705-93-50;teacher-email-39@gmail.com
Прохоров;Виталий;Константинович;8.7.1951;г.Нижний Новгород, ул.Северная 95, 14;8(833)-296-35-48;teacher-email-40@gmail.com
Козлова;Ирина;Олеговна;3.4.1981;г.Нижний Новгород, ул.Лесная 90, 46;8(850)-853-77-95;teacher-email-41@gmail.com
Кузнецова;Маргарита;Артемовна;20.8.1974;г.Нижний Новгород, ул.Рабочая 112, 138;8(882)-700-88-52;teacher-email-42@gmail.com
Новикова;Анжелика;Дмитриевна;19.12.1984;г.Нижний Новгород, ул.Новая 92, 172;8(248)-431-22-83;teacher-email-43@gmail.com
Лебедева;Ольга;Богдановна;23.6.1974;г.Нижний Новгород, ул.Полевая 63, 180;8(412)-356-20-34;teacher-email-44@gmail.com
Голубева;Ирина;Игоревна;26.4.1988;г.Нижний Новгород, ул.Нагорная 141, 29;8(393)-617-62-66;teacher-email-45@gmail.com
Виноградова;Валерия;Захаровна;11.12.1958;г.Нижний Новгород, ул.Заречная 171, 13;8(710)-595-43-77;teacher-email-46@gmail.com
Семенова;Мария;Николаевна;24.4.1953;г.Нижний Новгород, ул.Молодежная 172, 88;8(955)-685-33-30;teacher-email-47@gmail.com
Смирнова;Валерия;Даниловна;1.6.1984;г.Нижний Новгород, ул.Первомайская 87, 86;8(818)-322-84-57;teacher-email-48@gmail.com
Голубева;Яна;Ефимовна;28.2.1975;г.Нижний Новгород, ул.Чапаева 27, 65;8(380)-515-54-56;teacher-email-49@gmail.com
Леонов;Владимир;Иванович;16.12.1961;г.Нижний Новгород, ул.Первомайская 155, 192;8(144)-384-56-45;teacher-email-50@gmail.com
